1:195	border-radius	20px	false
1:196	border-color	#e9e9e9	false
1:196	min-width	200px	false
1:196	border-radius	20px	false
1:197	border-color	#929292	false
1:197	height	96px	true
1:197	padding-inline	30px	false
1:197	padding-block	40px	false
1:198	word-break	break-word	false
1:198	line-height	0	false
1:198	font-size	25.714px	false
1:198	letter-spacing	-2.0571px	false
1:199	border-color	#e9e9e9	false
1:199	gap	8px	false
1:199	padding-inline	30px	false
1:199	padding-block	32px	false
I1:199;1:564	word-break	break-word	false
I1:199;1:564	line-height	1.4	false
I1:199;1:564	font-size	12px	false
I1:199;1:564	letter-spacing	-0.12px	false
1:200	border-color	#e9e9e9	false
1:200	gap	8px	false
1:200	padding-inline	30px	false
1:200	padding-block	32px	false
I1:200;1:564	word-break	break-word	false
I1:200;1:564	line-height	1.4	false
I1:200;1:564	font-size	12px	false
I1:200;1:564	letter-spacing	-0.12px	false
1:201	border-color	#e9e9e9	false
1:201	gap	8px	false
1:201	padding-inline	30px	false
1:201	padding-block	32px	false
I1:201;1:564	word-break	break-word	false
I1:201;1:564	line-height	1.4	false
I1:201;1:564	font-size	12px	false
I1:201;1:564	letter-spacing	-0.12px	false
1:202	border-color	#e9e9e9	false
1:202	gap	8px	false
1:202	padding-inline	30px	false
1:202	padding-block	32px	false
I1:202;1:564	word-break	break-word	false
I1:202;1:564	line-height	1.4	false
I1:202;1:564	font-size	12px	false
I1:202;1:564	letter-spacing	-0.12px	false
1:203	border-color	#e9e9e9	false
1:203	gap	8px	false
1:203	padding-inline	30px	false
1:203	padding-block	32px	false
I1:203;1:564	word-break	break-word	false
I1:203;1:564	line-height	1.4	false
I1:203;1:564	font-size	12px	false
I1:203;1:564	letter-spacing	-0.12px	false
1:204	border-color	#e9e9e9	false
1:204	gap	8px	false
1:204	padding-inline	30px	false
1:204	padding-block	32px	false
I1:204;1:564	word-break	break-word	false
I1:204;1:564	line-height	1.4	false
I1:204;1:564	font-size	12px	false
I1:204;1:564	letter-spacing	-0.12px	false
1:205	min-width	200px	false
1:206	border-color	#929292	false
1:206	height	96px	true
1:206	padding-inline	30px	false
1:206	padding-block	40px	false
1:207	word-break	break-word	false
1:207	line-height	0	false
1:207	color	#6f6f6f	false
1:207	font-size	22.857px	false
1:207	letter-spacing	-1.8286px	false
1:208	border-color	#e9e9e9	false
1:208	gap	8px	false
1:208	padding-inline	30px	false
1:208	padding-block	32px	false
I1:208;1:564	word-break	break-word	false
I1:208;1:564	line-height	1.4	false
I1:208;1:564	font-size	12px	false
I1:208;1:564	letter-spacing	-0.12px	false
1:209	border-color	#e9e9e9	false
1:209	gap	8px	false
1:209	padding-inline	30px	false
1:209	padding-block	32px	false
I1:209;1:564	word-break	break-word	false
I1:209;1:564	line-height	1.4	false
I1:209;1:564	font-size	12px	false
I1:209;1:564	letter-spacing	-0.12px	false
1:210	border-color	#e9e9e9	false
1:210	gap	8px	false
1:210	padding-inline	30px	false
1:210	padding-block	32px	false
I1:210;1:564	word-break	break-word	false
I1:210;1:564	line-height	1.4	false
I1:210;1:564	font-size	12px	false
I1:210;1:564	letter-spacing	-0.12px	false
1:211	border-color	#e9e9e9	false
1:211	gap	8px	false
1:211	padding-inline	30px	false
1:211	padding-block	32px	false
I1:211;1:564	word-break	break-word	false
I1:211;1:564	line-height	1.4	false
I1:211;1:564	font-size	12px	false
I1:211;1:564	letter-spacing	-0.12px	false
1:212	border-color	#e9e9e9	false
1:212	gap	8px	false
1:212	padding-inline	30px	false
1:212	padding-block	32px	false
I1:212;1:564	word-break	break-word	false
I1:212;1:564	line-height	1.4	false
I1:212;1:564	font-size	12px	false
I1:212;1:564	letter-spacing	-0.12px	false
1:213	border-color	#e9e9e9	false
1:213	gap	8px	false
1:213	padding-inline	30px	false
1:213	padding-block	32px	false
I1:213;1:564	word-break	break-word	false
I1:213;1:564	line-height	1.4	false
I1:213;1:564	font-size	12px	false
I1:213;1:564	letter-spacing	-0.12px	false
1:214	min-width	200px	false
1:215	border-color	#929292	false
1:215	height	96px	true
1:215	padding-inline	30px	false
1:215	padding-block	40px	false
1:216	word-break	break-word	false
1:216	line-height	0	false
1:216	color	#6f6f6f	false
1:216	font-size	21.654px	false
1:216	letter-spacing	-1.7323px	false
1:217	border-color	#e9e9e9	false
1:217	gap	8px	false
1:217	padding-inline	30px	false
1:217	padding-block	32px	false
I1:217;1:564	word-break	break-word	false
I1:217;1:564	line-height	1.4	false
I1:217;1:564	font-size	12px	false
I1:217;1:564	letter-spacing	-0.12px	false
1:218	border-color	#e9e9e9	false
1:218	gap	8px	false
1:218	padding-inline	30px	false
1:218	padding-block	32px	false
I1:218;1:564	word-break	break-word	false
I1:218;1:564	line-height	1.4	false
I1:218;1:564	font-size	12px	false
I1:218;1:564	letter-spacing	-0.12px	false
1:219	border-color	#e9e9e9	false
1:219	gap	8px	false
1:219	padding-inline	30px	false
1:219	padding-block	32px	false
I1:219;1:564	word-break	break-word	false
I1:219;1:564	line-height	1.4	false
I1:219;1:564	font-size	12px	false
I1:219;1:564	letter-spacing	-0.12px	false
1:220	border-color	#e9e9e9	false
1:220	gap	8px	false
1:220	padding-inline	30px	false
1:220	padding-block	32px	false
I1:220;1:564	word-break	break-word	false
I1:220;1:564	line-height	1.4	false
I1:220;1:564	font-size	12px	false
I1:220;1:564	letter-spacing	-0.12px	false
1:221	border-color	#e9e9e9	false
1:221	gap	8px	false
1:221	padding-inline	30px	false
1:221	padding-block	32px	false
I1:221;1:564	word-break	break-word	false
I1:221;1:564	line-height	1.4	false
I1:221;1:564	font-size	12px	false
I1:221;1:564	letter-spacing	-0.12px	false
1:222	border-color	#e9e9e9	false
1:222	gap	8px	false
1:222	padding-inline	30px	false
1:222	padding-block	32px	false
I1:222;1:564	word-break	break-word	false
I1:222;1:564	line-height	1.4	false
I1:222;1:564	font-size	12px	false
I1:222;1:564	letter-spacing	-0.12px	false
